,task,start_time,duration,DP,MAC,params
0,setup,1617416144.482069,0.5426557064056396,2356,0,0
1,axial,1617416145.0282993,3744.7289865016937,21770,0,0
2,Coronal,1617419889.7654805,3573.2242872714996,21824,0,0
3,Sagittal,1617423462.9942243,3158.8825249671936,24124,0,0
4,aggregate,1617426621.8825452,7.89885401725769,3761008527,0,0
