,epoch,compute_time,loss
0,0.0,2.2768146634101867,0.6441570103168488
