,task,start_time,duration,DP
0,autorecon1,1617669478.3223915,868.1483302116394,103152
