,epoch,compute_time,loss
0,0.0,4.660037902990977,1.307417229872942
