,task,start_time,duration,DP
0,autorecon2,1617728072.792663,13483.32441329956,1378365
1,autorecon3,1617741556.1227407,12823.004806756973,1340704
