,task,start_time,duration,DP
0,autorecon1,1617676486.5293741,1252.5265424251556,124897
