,task,start_time,duration,DP
0,autorecon1,1617720781.9659572,922.6506237983704,108509
