,task,start_time,duration,DP
0,autorecon1,1617756388.334528,889.1458649635315,90966
