,epoch,compute_time,train_loss,valid_loss
0,0.0,0.30063800811767577,0.9465394020080566,0.9674370467662812
1,1.0,0.29753663539886477,0.9458230376243592,0.9669745206832886
2,2.0,0.31172271172205607,0.9435194432735443,0.9654888689517975
